{
  "project_info": {
    "project_number": "248164097898",
    "firebase_url": "https://message-forum-android.firebaseio.com",
    "project_id": "message-forum-android",
    "storage_bucket": "message-forum-android.appspot.com"
  },
  "client": [
    {
      "client_info": {
        "mobilesdk_app_id": "1:248164097898:android:3f55856eefd48f5b",
        "android_client_info": {
          "package_name": "com.example.guest.discussionforum"
        }
      },
      "oauth_client": [
        {
          "client_id": "248164097898-cf7ubhl86an9ogkkvevnfb52tkr0o7v3.apps.googleusercontent.com",
          "client_type": 1,
          "android_info": {
            "package_name": "com.example.guest.discussionforum",
            "certificate_hash": "EE3BD6FBA3C85055F782FEAE50932776A74EA6DE"
          }
        },
        {
          "client_id": "248164097898-ffck579qa9uio2ncqt2pqloeiue8p3qd.apps.googleusercontent.com",
          "client_type": 3
        }
      ],
      "api_key": [
        {
          "current_key": "AIzaSyCDg6Bn6VpfqI6VU2QiQWrMGxsaGAUJxdc"
        }
      ],
      "services": {
        "analytics_service": {
          "status": 1
        },
        "appinvite_service": {
          "status": 2,
          "other_platform_oauth_client": [
            {
              "client_id": "248164097898-ffck579qa9uio2ncqt2pqloeiue8p3qd.apps.googleusercontent.com",
              "client_type": 3
            }
          ]
        },
        "ads_service": {
          "status": 2
        }
      }
    }
  ],
  "configuration_version": "1"
}